Target Audience,Description,Key Characteristics,,,,
Tech Enthusiasts,"Individuals who are passionate about the latest technology, gadgets, and software.","Early adopters, highly active on tech forums, follow tech influencers, prefer innovation.",,,,0
Small Business Owners,Entrepreneurs managing small to medium-sized businesses looking for cost-effective solutions.,"Budget-conscious, value efficiency, interested in automation, seek business growth strategies.",,,,
College Students,"Young adults pursuing higher education, looking for affordable and trendy products/services.","Social media savvy, price-sensitive, trend-followers, interested in career opportunities.",,,,
Health & Fitness Enthusiasts,"People focused on health, wellness, and fitness, seeking better lifestyle choices.","Interested in workout plans, organic foods, fitness gear, and mental well-being.",,,,
Parents (Young & Experienced),"Parents managing family responsibilities, looking for convenience and family-friendly solutions.","Value safety, affordability, education, and child-friendly products.",,,,
Gamers,"Individuals passionate about video games, gaming hardware, and esports.","Highly engaged online, competitive, prefer high-performance tech, follow gaming influencers.",,,,
Luxury Consumers,High-income individuals looking for premium products and services.,"Brand-conscious, value exclusivity, willing to pay for high quality and status.",,,,
Environmental Advocates,People dedicated to sustainable living and eco-friendly products.,"Prefer ethical brands, interested in sustainability, willing to pay more for green solutions.",,,,
Remote Workers & Freelancers,"Professionals working remotely or independently, seeking productivity tools.","Value flexibility, interested in time management, rely on digital collaboration tools.",,,,
Senior Citizens,Older adults looking for easy-to-use technology and services that enhance their quality of life.,"Prefer simplicity, value health and wellness, need user-friendly interfaces.",,,,
